,0,1,2,3,Cluster
소외,3.628921,-0.97028476,-1.0081663,-0.7907966,10
다이어트,-1.9650546,-2.3324,-0.75175303,0.12858681,13
실패,6.5202694,0.4552515,6.8327174,3.912184,12
긍정,1.9493893,-0.2621305,-1.3594372,-0.050947286,10
피자,-5.8258905,-3.1200156,0.20210896,0.17180976,15
식사,-3.8920615,-0.6282333,-0.4078103,0.7021883,15
거절,5.4826727,5.071183,10.949218,-0.46995467,16
후회,1.3188404,3.19078,2.6757965,1.4956167,0
불만,6.168167,6.174925,-1.9111927,-2.5207424,7
의문,4.088467,4.311427,-2.8710003,-0.291217,7
인정,11.538601,-1.572,3.9392815,2.133899,9
무지,0.48963574,2.053619,-1.4650548,0.51374257,2
노력,7.4656305,3.3627815,-3.577652,0.28600225,7
외면,2.7041066,1.2520361,1.3950372,0.4480974,18
피곤,-1.0586131,-1.0190836,0.4467056,0.6232373,8
기절,-0.9882464,-0.22092915,2.3546553,3.3431587,0
식욕,-1.8529735,-0.7715689,-2.5097764,0.5134758,1
수치,0.7071411,-2.1710796,-5.196388,2.742273,1
소비,1.6452962,-5.8556027,-2.227684,1.43477,10
운동,3.9169137,-3.1394444,-4.3831987,-4.190744,20
취소,7.0398655,-4.7332516,5.457927,-1.0530027,9
포기,5.7147517,-0.27841493,6.374179,0.24811344,9
춤,-6.370312,4.2717366,-2.6068945,-0.027882196,5
노래,-5.775206,4.8201203,-0.43349603,-1.4669728,5
미남,-4.1598105,0.095290914,-0.2972495,-0.63057756,15
웃음,-2.7683117,2.757477,-2.7676551,-0.25212294,5
친구,-6.058226,7.488245,1.7780137,-1.3856424,4
왕자,-5.611523,4.9406686,4.8448358,-2.040787,4
술,-5.163097,3.2760968,1.4745221,-1.4860363,4
간,-1.9847288,-5.1174903,-0.42232502,-1.9158212,14
불안,4.6658506,3.1461685,-3.7956774,1.1851017,7
복수,0.6111673,1.1120281,1.5882477,-1.1990494,18
외모,-2.3477075,4.05063,-5.3281145,1.175146,11
짜증,-1.4808098,-1.0514325,-0.16677435,-0.55796474,13
분노,3.1109903,8.289978,3.3981762,2.7351096,16
공포,3.4536066,-0.52554023,0.027742224,-1.4649945,18
비상,1.8294655,-6.1698613,-0.48173857,-2.0531397,14
질책,0.5644574,1.0368546,2.8554945,-0.14327978,18
사랑,-2.207795,12.286773,-1.1804905,0.30053625,11
연민,-1.12094,0.07087677,-0.5468786,-1.5657423,13
행복,0.7157854,5.9755425,-4.2690587,-1.0235368,11
만남,-2.19402,2.2509062,-1.9178755,-2.391112,2
무관심,2.4630268,1.2420472,-1.7644349,-0.12758306,2
만족,6.2361803,1.51211,-1.074348,6.4812455,7
해명,5.3621078,1.6185982,1.8757095,0.010513809,18
울음,-3.326636,0.0015196105,0.06611693,0.8343575,8
쟁취,1.0965735,-1.6979065,1.7432199,-1.0568033,18
당황,1.2731128,2.624279,3.2886035,3.6450822,0
구경,-3.5836911,-2.4039862,0.030713134,2.0054286,15
비밀,0.76618004,0.2876877,0.8261996,-4.9861565,2
유혹,-0.5229848,5.212017,3.1772702,2.3949676,0
계획,5.1182203,-4.016109,0.11415543,-5.216462,3
대충,-2.1555037,-1.9924254,0.080688685,-0.53484595,13
귀찮,-1.4088606,0.5313746,0.2943841,0.36486626,8
관리,6.418906,-8.612312,-1.0644566,-3.1882155,3
칭찬,1.9960837,5.0935082,2.683634,1.3853455,16
지목,4.4925737,-0.66575384,7.4758105,1.0070949,12
제재,7.085687,-1.8919661,-0.6567505,-2.7251778,20
공부,1.4242218,0.05202538,4.6401606,3.5984607,12
충격,3.046064,3.8791585,-3.6054268,2.909313,7
비난,8.4585,6.7853575,4.0443897,-0.87450355,16
공격,3.4732,1.5703434,7.081185,5.2886677,12
위협,8.706235,4.21844,0.6708663,0.9495907,7
구타,1.0039057,0.79284763,4.689883,0.99112564,12
경고,4.7729707,0.8022972,2.829195,-0.6680591,18
만류,0.596741,1.9702061,4.9065084,-0.30436227,18
의욕,0.33769622,0.8225695,-3.1661716,-1.5246514,2
연애,-0.9260398,3.1658986,-2.4190507,-1.2584963,2
거짓말,1.0168668,4.6939607,0.89734244,-0.12736157,0
자녀,0.9591413,2.4904685,-0.3860802,-5.178973,2
수염,-6.0938873,2.9628477,-0.9997652,1.8897249,5
지침,6.4663224,-2.4230082,-5.2567177,-5.069198,20
쓸쓸,-1.5428642,-0.75161254,0.6742028,0.018433012,8
가족,-0.37526655,1.9313753,-0.87407255,-5.6930246,2
부족,3.3576949,-2.6771321,-2.5129268,4.1196856,10
욕설,0.74549335,1.4753275,-0.5741174,-0.6363469,2
고소,3.8180368,0.773632,4.8372183,-0.49131298,18
저주,-0.8379986,6.662767,2.779559,0.08284843,16
조언,4.0405445,4.055353,1.4048662,-3.528874,18
걱정,3.203406,6.1552444,1.7373118,3.7374005,16
무시,6.1338553,1.8392824,2.5707319,3.5968616,18
대답,2.3014379,6.2439547,3.648737,1.9706224,16
고독,-2.0009,2.29347,-1.3717364,-0.38381168,2
사죄,2.8727024,0.8664161,2.820913,-2.8962443,18
인사,3.5090396,-2.9575427,0.7390207,-8.941305,3
개,-2.8856122,-8.007285,-1.3833467,0.37770993,14
감탄,-0.548771,1.9166985,1.8565804,1.8650677,0
등장,-3.8684967,-2.4497461,4.9775443,10.291661,6
경멸,1.5404656,2.2366602,-0.20061336,-0.34875244,2
일,-2.8760176,-4.4660983,4.631546,-4.0400143,13
친절,0.42685586,3.28223,-0.37905928,1.1865113,0
방관,0.35627288,-1.12327,1.7050226,-0.23050343,8
숫자,-1.5361509,-2.6852365,-3.6791513,1.9928578,1
발견,-1.1567897,-3.4456317,3.6166897,12.339089,6
수면,-1.6552681,-2.039469,-5.7557993,2.40429,1
예민,-0.6790728,-0.28193548,-1.3406404,2.6242933,8
양심,3.1179028,1.1405605,-1.2934893,-4.2982674,2
감성,-1.6182357,0.9049735,-5.0367193,-0.4278222,1
확인,7.31875,-3.7501264,2.776978,5.653517,17
음료,-5.3383074,-3.080194,-2.9072204,0.22850105,1
탕진,0.3048934,-1.7207763,2.146027,0.01948029,8
눈치,-1.4772944,0.42117965,1.6949646,0.34113315,8
긴장,2.8299983,1.0165297,-3.923327,1.4571306,7
응답,3.44028,-0.54849106,-0.028903043,1.1365249,10
주저,0.06311025,0.7152605,2.1253448,0.3590759,18
마무리,0.31409916,-2.2920232,4.3046966,1.7688353,12
고함,-1.8715538,-0.46609065,0.6496405,-1.2259862,13
신체,3.7092009,-0.6555053,-7.875889,1.4033314,19
진정,3.894759,1.5116594,0.84714836,1.1740675,18
부정,8.418434,0.49822515,1.596464,-0.06813388,9
출생,-2.1584122,-1.672974,5.005236,3.5068123,12
울분,-1.2995884,-0.88281584,0.50219184,-1.072922,13
규칙,4.0463758,-3.2083066,-5.4878936,-3.1866312,20
처벌,11.600593,2.662182,3.2716327,-2.0056148,9
혈압,-1.2912037,-2.553664,-2.742273,0.48181412,1
시간,-0.5765861,-2.664451,-6.314651,2.4987803,1
의사,6.657363,-0.3776733,-2.9604537,-7.2334437,20
나이,-5.92475,0.9286489,2.7534432,1.4608002,15
얌전,-2.0753005,-0.6916969,0.27623355,0.5695892,8
실수,2.0292554,1.4702411,-0.38559014,2.0061204,0
응시,2.716235,-2.4222722,3.0106082,3.27408,17
최악,0.15282775,-2.477294,0.11099771,0.5973072,8
지시,6.028862,-0.9902323,4.602536,-3.7865205,9
아기,-5.5864487,4.4061174,0.3165619,0.8553049,5
경계,2.5219557,-1.4532018,-2.4679055,0.6730454,10
기상,-0.7115564,-6.8597913,-4.0200195,0.64409614,14
휴가,-2.8979235,-0.92897934,2.402366,-2.4627376,13
희망,2.2944279,3.1796374,-1.2039472,-3.9523704,2
가출,-0.91421777,-0.5619012,1.6714119,-0.20530756,8
소개,0.9487614,-1.9818935,3.0886552,4.4811535,17
감사,3.5725396,-2.286098,1.1698698,-3.9624746,3
응원,-1.4441191,-0.605645,1.3736674,-0.100229576,8
메뉴,-3.8329158,-4.726324,-3.000805,-0.9919567,1
노출,2.976439,-4.4975724,-3.2267406,9.574687,6
고기,-5.972961,0.45804265,-2.0961535,2.4641948,5
정신,2.1655235,3.3014226,-6.97631,-3.7633667,11
슬픔,-2.3839355,7.091618,-2.6235304,-1.4030896,11
아줌마,-3.1882977,-1.347411,0.5927573,-1.4898386,13
대결,-1.1627972,2.4436057,1.8221942,1.5268527,0
행방,-1.3410637,1.751982,1.8527472,-1.2845056,4
소심,-1.4465265,0.5544001,0.51782596,0.73322535,8
최고,-1.3700752,-5.7433195,0.17817721,-2.4837477,14
복제,1.9924221,-3.85657,-1.482482,2.7046363,10
박수,-2.6029027,-0.36863068,1.8869381,-1.527761,13
마스크,-4.52574,-1.0259954,0.16553158,0.9964465,15
체력,-0.17477614,-0.6547144,-5.9046617,1.0180757,1
아침,-5.8678284,-0.20913613,1.3737447,0.48774558,15
실망,2.0338519,3.7792685,1.7909465,2.6696093,0
강아지,-4.340281,-0.25636664,0.28931528,-0.7715935,15
자책,-1.3065593,-1.56832,1.2930806,0.11490067,8
제거,5.21834,-2.3944955,2.6653092,7.198925,17
의도,6.4551654,2.6302779,-3.2351854,-1.5423275,7
한심,-1.3304496,-0.89476484,0.4089466,-0.3365221,8
음식,-4.9540076,2.1421738,-6.252065,0.10804585,5
집중,4.418215,-6.107005,-1.8093516,5.4348354,10
은밀,-0.79898167,-0.43324417,1.182278,-0.23359583,8
세수,-1.0133334,-3.2001412,-0.5813579,-1.5403852,13
벌레,-6.325752,2.0052903,-1.8441882,3.0345562,5
어색,-1.0735486,-0.04452046,-0.37278235,2.2396727,8
침묵,0.55350685,2.1208596,-0.018168483,-0.38659617,2
닭,-6.5144997,-0.10469331,-1.2270846,0.7613601,15
여유,-0.06100118,-1.0046114,-4.4111223,0.21727249,1
재산,6.5037093,0.21974401,-2.1621988,-6.729039,20
통곡,-1.5744754,0.07371202,2.2456923,0.8298294,8
이동,1.9746224,-6.2579703,1.7854462,8.498729,6
트집,-2.0483527,-0.69399214,0.90846294,-1.6583283,13
대머리,-2.9690819,0.38144153,2.87946,-1.8433306,4
반응,3.6714015,2.1291506,-6.8484497,6.0094357,19
사람,-0.5852292,7.479841,-3.7656775,-2.1421301,11
머리,-6.221861,4.039884,0.05543758,2.953729,5
혼돈,-0.77775836,-0.34796187,-2.3752034,0.6165419,1
공감,2.2504272,1.9979099,-2.511434,0.36975682,2
요리,-5.677059,0.9694322,-1.2438965,-0.49675393,15
행운,-2.290075,1.4598006,-1.044335,-1.1053865,2
방어,3.6462405,-3.5629654,0.61395264,2.4295716,10
휴식,-1.4997284,-0.691887,-2.8610563,-0.9343654,1
다툼,2.8019807,0.8462651,0.5537933,-1.5465049,18
미모,-2.854644,2.4044342,-1.0758989,-0.9995363,5
원통,-2.5693357,-2.5507174,-0.94791126,1.0468508,1
쥐,-5.482078,0.57137007,1.5873643,2.0080419,15
익숙,0.12475871,0.035848007,-1.0914962,4.5036397,0
바보,-3.065295,2.1263607,-0.61096656,-0.4751195,5
주말,-3.873964,-3.23417,-0.8666051,-1.23929,13
보람,-1.9221191,-1.4098016,-0.2382192,-1.9523764,13
냉정,0.85118383,2.2959902,-0.61448836,1.7536345,0
혐오,3.0454745,2.8873236,-2.9050736,0.15654984,7
방출,1.399453,-2.9051802,0.45913577,10.386382,6
이름,-7.172865,1.9019005,2.7860613,-0.849283,15
한계,5.3577237,-2.1557415,-7.7888184,1.6293741,19
도전,2.793702,1.345342,0.33065793,1.8141427,0
달콤,-3.7046702,1.4579171,-0.062422436,2.3102062,5
기형,-1.5937259,-1.8693912,-2.745029,0.33285812,1
몸매,-2.5270994,-0.4651592,-1.1995972,-0.2256277,8
알몸,-2.0509064,-1.2492533,0.72108525,-0.06954442,8
나체,-2.545297,-1.4166278,0.6717094,-0.5181635,13
경찰,2.0571065,-4.660865,3.5183775,-5.9221487,3
수감,1.2674996,-1.818779,6.0680084,1.1236243,12
소송,7.728886,-3.10133,1.1174449,-4.570025,3
막내,-4.570834,0.83754426,3.2134356,-2.2968898,4
폭행,3.8680727,1.2340088,4.2628574,-0.7182744,18
통증,-0.8793085,0.07033254,-3.5165455,1.1120492,1
폭발,-0.001594428,-2.8079846,0.8762416,9.139854,6
사과,0.7645922,1.6132214,2.3660805,-2.7167666,18
불,-3.2237244,-0.8181512,1.2666547,1.1026961,8
편안,-1.0296016,1.6287374,-0.9302201,2.1981883,0
밥,-7.31584,1.6582171,1.0086037,-0.86690724,15
자신감,0.7813399,3.0020447,-2.954834,-1.8037424,2
집,-5.649584,3.459779,1.8401421,-1.7697853,4
오물,-1.8286835,-2.5374262,0.20594452,-0.6581601,13
놀라움,-1.4024346,-1.2698829,-0.33461577,-1.0373368,13
멋,-3.611953,0.051346216,-0.8085183,-0.4794051,15
업고,-1.4138514,-2.3016257,0.60996497,-1.0194206,13
추위,-2.3612442,0.16967057,-2.1608546,2.0942492,1
공감대,-0.7190033,-1.9132917,-2.0266163,-2.0418165,13
열기,-1.7830108,-1.812565,-1.2144818,0.1319277,13
마음,0.06919363,13.243034,-5.2682886,0.060076702,11
강풍,-1.9157654,-3.0723355,-2.057455,2.7554,1
잠,-3.947397,1.4619412,2.7215278,1.2191564,4
지각,2.1769595,-1.2189142,-8.900703,3.9298234,19
퇴장,0.3060207,-1.0493697,3.720057,0.8717296,18
의지,6.555235,4.5404778,-3.5468867,-0.008969653,7
멸시,0.95961344,0.94124323,0.90457207,-0.7639426,18
빈약,1.3272947,-2.0507028,-0.31166348,3.4666808,10
담배,-3.558829,-3.1002126,-2.0428364,-0.43555743,1
본인,1.8086209,3.427497,0.49864793,-3.3550262,2
반대,7.819197,-0.17102733,2.3055778,-0.14720723,9
부끄러움,-1.2717053,-0.14872223,-0.6187721,-0.64470005,8
난감,-1.32899,-1.9585834,0.887611,-0.3540203,13
할아버지,-4.721811,3.6137562,3.2860768,-2.211802,4
동의,6.29585,-2.4360356,0.47443858,-2.6469452,3
고민,2.7453032,3.8199487,-0.2718002,2.0982037,0
억울,1.6365962,4.5603776,3.703072,1.2549863,16
기피,4.247316,-2.1288478,1.9277985,-0.15673627,18
자기애,-1.0856346,-1.8618737,-0.84416676,-1.4109123,13
충고,0.54031587,3.1128685,2.5551653,-1.6267166,18
억지,-0.21155472,0.2131799,0.73808646,-1.492611,8
단정,1.3193886,1.2172579,1.5131524,0.74546236,18
진심,-1.3927473,3.9455178,1.0711448,-1.3572656,4
도움,3.4255652,3.7518609,-0.05248581,0.7454801,7
감기,-3.3696012,-0.75823843,-1.2772157,2.8031752,1
불편,4.5814443,1.9180758,-3.2625127,4.2684474,7
좌절,3.2944152,0.7709043,2.6949084,1.296333,18
시련,-0.45024174,0.7196326,-0.9015865,-1.130098,2
냄새,-3.5789297,1.9166403,-5.367628,4.0478306,5
트림,-3.6810374,-3.5803216,-0.42398405,-0.13852789,13
구토,-0.91296685,-1.2169396,-0.66920435,1.1206869,8
위선,-0.20353615,-0.93368864,-1.4188409,-1.4332901,13
면도,-1.62779,-0.3275209,-1.9105481,0.48214957,1
생김새,-4.1211967,0.66500807,-2.3708143,1.2376269,5
선글라스,-3.0157337,-2.0817795,-0.052669436,-0.85711,13
열망,1.1444316,1.5748792,-2.080653,-2.2639096,2
감동,0.6410056,5.442926,-0.30434102,1.048645,0
공복,-1.5375595,-2.1639373,-0.033699304,-1.3547457,13
굶주림,-1.3886395,-0.17805211,-0.10967229,-0.8624864,8
인내심,-0.7054867,-0.9638058,-0.7887168,-0.54576546,8
주먹,-3.8718493,-0.12382058,0.21309122,0.9786869,15
영광,-1.6274372,4.886337,-0.8788419,-3.3602016,2
자부심,0.11524887,1.3029689,-2.0763757,-1.730394,2
즐거움,-1.393164,3.1305747,-3.7156227,-1.3200011,2
지방,-2.3887804,-7.050017,0.17961028,-3.5714433,14
입,-2.6347952,1.729898,2.9730833,3.0571423,0
결제,1.6235975,-6.585426,0.020734373,-0.8213142,14
엉덩이,-3.5367787,-0.26228622,-1.3240911,1.1564119,8
사악,-1.1865767,2.9929528,0.9760838,1.5761274,0
악마,-3.4679954,3.8666348,-1.2153536,-0.3776784,5
칼,-6.271521,0.84427106,3.960458,-0.5232742,15
이별,-2.9436178,3.193239,1.0341839,-0.40911487,4
진지,0.40499067,1.0477166,0.027742974,0.18972658,8
장기,-0.3308542,-4.978804,-2.0245924,-2.6172664,14
서서,-1.8306539,-1.0074565,1.3794008,-0.99747884,13
고충,0.032808878,-2.8261094,-0.5518212,-2.8274097,14
포식,-0.7107367,-1.5896112,-0.45359215,1.3778663,8
비통,-1.3764142,-0.5419222,0.9801715,-0.0057069333,8
우울,-0.9391551,0.9562204,-2.0658596,1.5682373,8
눈물,-4.5374603,6.218489,0.17931125,0.39380988,5
근무,2.5445724,-7.9005437,6.4306207,2.1384501,17
태연,-2.1300635,-0.3254308,0.5285161,-0.55787176,8
고분,-4.397228,-2.3653915,-0.43878144,-0.31898093,15
겁,-3.613167,3.5416002,0.30782366,0.4716089,5
불화,-0.17426576,0.86826026,-1.3520403,-1.2261351,2
방황,-1.4295624,0.4298133,0.96557796,0.41649774,8
표정,-2.530777,2.7597919,-3.2344997,1.3175743,5
활약,-0.5671387,-0.036795806,5.429663,5.0667405,12
괴짜,-2.195503,-1.320771,-0.16344133,-1.2171866,13
역량,2.6881154,-0.95135975,-6.483625,-3.0176692,20
무기력,-0.64841497,-0.4697748,-0.15427281,0.6812728,8
죄,4.406749,6.6618085,3.1022806,-3.4606528,16
우위,2.9566014,-2.0958543,-2.1882682,-0.50531584,10
행패,-1.9197274,-0.68107826,1.2286773,-1.0473342,13
고용,4.416966,-5.3199925,1.3704454,-1.3432015,3
농담,-1.2864052,1.3185428,-0.9304578,-0.23859294,8
똥,-4.565508,-0.050281167,-0.15955773,-0.052414566,15
납치,0.5788909,0.5958118,9.097495,2.4782822,12
날씬,-2.128413,-1.6300402,0.20606333,0.7536977,8
안심,-0.35462213,-0.6816753,1.7944392,0.9011397,8
납득,2.2355747,-0.20183311,1.0861263,1.5225395,18
의혹,5.766431,1.3432987,1.7797297,-5.8871765,9
추진력,-0.72792935,-1.8178523,-2.7784011,-0.411638,1
돼지,-6.166895,0.15953904,-1.0741891,1.5621717,15
자랑,-1.1272037,0.60255206,-0.3446107,4.910453,0
설득,4.8144827,5.1296277,8.578033,0.055198446,16
기품,-1.9878647,-0.7869551,-1.1092925,-0.40471992,8
무례,1.5272295,1.9082131,2.1682992,0.19856665,18
배신,2.437279,4.994943,6.4345984,0.5416257,16
기쁨,-1.9055711,4.578834,-2.8766956,-2.0345576,11
무표정,-2.533429,-0.7943512,-0.017946556,-0.53036815,13
훈계,-0.263244,-0.73501587,1.4710829,-0.81902933,8
열정,-0.38457254,3.9202847,-4.6125135,-2.4668448,11
스트레스,2.6921916,-0.31457713,-3.9660146,1.0718498,10
관심,5.108031,4.573999,-8.771524,-0.3383203,19
환호,-1.7285379,-0.88382125,1.2591577,-1.0475136,13
한숨,-2.4801452,-1.1323309,0.9338232,-0.75879973,13
위엄,-1.2147626,1.7468746,-1.2948796,-1.1462559,2
곤란,4.9896407,0.6715466,-2.0619316,2.8039646,7
염려,4.418061,2.3213089,2.30029,3.135586,0
커피,-6.479266,-3.1209261,-2.3723416,0.4980806,15
대강,0.45691165,-4.7268944,-0.047744922,-3.2130725,14
강제,5.354353,-3.7045486,3.7779698,-4.6415486,3
역경,-1.4271215,-0.40649763,-0.3042776,-1.5220367,13
기대,6.3021145,2.6881433,-3.0937312,1.6087145,7
괴물,-5.4301796,5.00469,-0.84475565,0.8643714,5
고통,4.160084,9.789721,-4.5764914,1.2233505,11
참혹,-0.47444314,-0.21992876,1.42019,0.39758414,8
유감,1.3618746,2.6645222,-0.5077874,-1.3605909,2
동행,0.6989698,-0.006691838,6.0436497,0.3380956,12
평화,1.3041618,0.13122281,-1.8880376,-6.6516247,2
재촉,0.7100962,-0.05198951,1.7884763,-0.63964975,18
고생,-0.16536076,2.7202258,0.9388344,3.580706,0
못마땅,-0.31366706,-0.055814892,1.4757863,0.61753476,8
성질,3.420663,2.161901,-10.119463,3.5100336,19
정도,0.16673782,-1.3531315,-6.4834294,2.5504372,1
육아,-1.6263071,-2.310141,-1.0136817,-2.7530618,13
탈출,-0.021243382,0.15217474,8.351702,6.0202336,12
성행,2.0992787,-2.2094882,0.35301945,3.4886134,10
어려움,5.032619,1.2758963,-5.197153,-1.2847472,7
싸움,-1.503853,5.810608,1.6441096,0.59718055,4
노여움,-0.5421326,2.0623693,1.9916925,-1.0130286,4
분쟁,6.743136,-1.5037731,-1.7982087,-2.7659264,20
정의,5.1085258,-3.8572376,-2.1141584,1.7360159,10
가난,1.1144537,5.713749,1.1289009,2.416456,0
패배,2.078333,2.699801,10.857134,6.149756,12
욕,-1.6981946,3.0549183,-2.4440873,-1.1764026,2
기회,4.765151,2.4901834,-3.638104,-4.7067475,20
규제,8.804212,-6.7309804,-4.405813,-2.692714,20
거짓,2.491864,4.7843156,1.1957107,-1.4713435,16
권리,10.817867,1.2581447,-4.3135867,-7.0493746,20
잘못,4.7168107,2.86121,0.22636274,0.91986775,7
초보,-0.5062897,-1.684017,-1.3222189,-0.6212335,13
상처,-0.49441567,6.3418345,-1.981831,2.9869633,11
건달,-2.423598,-1.4981761,0.37261462,-1.3605748,13
위탁,3.6635306,-5.1021333,2.336519,-4.95825,3
이용,3.4240673,-7.6552596,0.20490968,11.846143,6
애호,-1.0959214,-1.4283805,0.03444383,-0.3984811,13
수발,0.8859061,-2.7996714,-0.6320024,-2.2741554,14
공존,1.8935406,-1.6930461,-2.173995,1.6724651,10
거지,-3.4608235,0.5446005,1.4203433,-1.7489498,4
살인,-0.2991268,1.5864753,3.5077603,-0.52909595,18
매혹,-1.2468362,-0.88310856,0.8362393,0.30880323,8
각성,0.2734356,1.5566139,-1.3522546,3.2256184,0
경비,2.0491574,-5.9743543,1.1889174,-4.5484824,3
천국,-3.2483609,1.5529667,0.49722514,-1.5841676,4
비교,3.8374748,-4.900231,-3.4787424,10.826933,6
사냥,-2.0390146,2.4946556,0.9289834,4.013992,0
고수,1.4363937,-0.4221546,1.1950297,1.1036127,18
폭력,5.3428354,0.3625974,-3.4723356,-4.0903945,20
무당,-3.2525477,1.8914577,-0.22067636,-1.3813806,4
편지,-1.9995584,5.815564,2.9266498,-5.7680197,4
놀이,-5.4255805,-1.6829681,-3.7629628,0.18578903,1
박자,-3.6693487,-1.761786,-2.4807117,-0.056413475,1
소식,-0.6439214,6.456635,3.7588797,-6.4258294,4
흥,-2.830454,-2.9874668,4.149847,-2.620453,13
유전,0.9617357,-3.1207633,-3.921758,1.3443564,1
잔혹,0.3073681,1.5325617,0.8389956,0.5297496,0
무식,-0.88660794,-0.78187746,0.81035405,0.33313015,8
자폭,-0.900168,-2.3357165,1.3469741,0.8299238,8
섭취,0.88643754,-2.0072684,-2.9303255,8.148138,6
명령,5.7660575,0.9437015,5.117129,-5.043565,9
막말,-1.6920606,-1.9042486,0.96932226,-1.137048,13
돈,-3.1827126,4.032933,3.4398463,-1.5224211,4
심부름,-2.1523938,-0.40825757,1.3166976,-1.0607342,13
도망,-0.6728853,1.741821,5.60998,1.3434987,12
미소,-2.4848778,-0.44971457,-0.3769128,-1.2697175,13
거부,9.045809,0.46183896,6.853884,-2.3930154,9
한탄,0.08790104,1.5209796,2.4984612,1.0416144,0
그만,-2.2175214,1.3177608,1.5551429,0.20780401,8
환영,1.5025295,2.924435,2.5816665,-0.9537341,18
시원,-2.8741927,0.7550938,-1.682412,2.4688015,5
배고픔,-1.6629469,-0.9864513,-0.5386755,-0.5352127,13
무정,-2.6047018,-1.8518231,0.97359455,-1.7995372,13
갈등,5.4813123,2.6855223,-3.1039276,-2.7195354,7
비하,-0.4072324,-6.7550087,-5.7494216,12.383663,6
세상,-2.7329357,8.034123,-2.838006,0.3914689,11
방치,1.7772769,-1.9375114,2.978749,5.237937,17
심심,-1.6592109,-1.8981236,0.6425102,0.06411852,13
삶,0.86401266,7.091449,-7.3897657,-0.46600196,11
격려,1.1841992,1.3813142,2.7685823,-1.6600518,18
화해,3.8827178,0.8462845,1.9612341,-2.8768034,18
그리움,-1.4695215,0.40932146,-0.47480515,-1.7189702,13
놀림,-0.9355852,-0.35617363,1.2302197,-0.9416154,8
궁금,1.3881298,-0.027475163,1.4807603,2.478347,0
욕심,-0.35702834,3.3819256,-1.0652654,-1.0115784,2
형,-3.7322106,-3.2057045,-0.055295553,-1.7198265,13
협박,4.269162,4.022955,5.2308564,-2.1034112,16
감옥,-1.8183087,1.1862606,5.314972,-2.0028303,4
생각,6.3967543,6.8946414,-1.6163063,6.337382,7
미인,-4.209369,0.4251498,0.17754005,-0.6717387,15
현실,4.8759613,3.865841,-8.209194,-0.7945279,19
조롱,1.719678,2.905144,2.6262496,0.26337388,18
의심,7.220916,6.3238163,2.263673,2.7801874,16
연기,-1.5795515,-0.7004606,1.6223165,2.840271,8
질문,4.309379,5.125572,-1.3881083,-0.6065947,7
상사,0.3585778,-3.4971993,-0.6883922,-4.5090723,14
흥분,1.5756682,1.9301043,-2.098087,4.228019,0
자비,0.38603854,3.7018478,1.4012482,-2.5178878,2
성취,4.130127,1.3679823,-2.9145544,0.68805766,7
혼자,-2.7094793,3.5563745,1.9437377,-0.10333151,4
집착,3.3228414,5.006316,-2.351701,2.5862641,7
향기,-5.4360213,2.3435588,-4.43002,1.4427234,5
끝,-3.1290383,-0.45418513,1.6740445,-1.0837603,13
발표,3.8822825,-5.7821,6.596603,2.661447,17
용서,2.662047,6.765085,5.757037,0.28843716,16
키스,-6.9899592,-0.6681238,3.6735384,-2.1478014,15
날씨,-2.530221,-1.5248508,-5.126262,3.9267194,1
고백,1.9092206,5.5180507,3.153939,-0.85237366,16
무안,-2.2606978,-4.1161456,1.5530483,-1.5988106,13
맛,-6.196189,3.5118842,-6.0604143,3.759955,5
소멸,5.2114253,-2.705006,1.6723219,5.9398656,17
환각,-1.1519604,-0.8024252,-1.7845153,0.38473004,1
취향,-0.80334723,0.9514831,-5.059328,-1.7908623,2
요구,11.490829,-1.6048974,1.2760895,-2.271539,9
두통,-1.4457408,-0.9212452,-0.9010125,0.5121314,8
혼란,4.885521,3.0687637,-2.5849411,2.1747105,7
항의,6.7341948,-0.89890987,3.9890707,-3.4546344,9
적극,5.2276254,-3.6792011,1.9514031,-5.1004114,3
화,-0.90036404,-6.00591,-0.70426667,0.851945,14
재미,-1.2585235,0.36598048,-2.4841785,-2.122844,2
망신,-0.5677813,-1.283401,1.52361,-0.8916353,13
기풍,-0.91439056,-0.9087485,-1.1573905,-1.5058362,13
격분,0.7990824,0.9482202,3.5192127,1.044733,18
멍,-3.6753876,-1.5316514,0.4954055,0.04707955,15
축하,-2.3992646,1.4252052,3.7750945,-2.7214901,4
성공,3.02005,-0.7203706,3.5254955,6.2116375,17
불쾌,0.65361667,3.4785619,0.48866233,2.7329998,0
조용,-0.97474486,1.7068752,0.19949707,3.4739387,0
출발,0.6659362,-3.9357314,5.422782,6.6638865,17
탄식,-0.8456146,0.4121237,2.1491156,0.706866,8
시비,-0.7845842,0.18272965,0.7459624,-1.7332951,8
불량,-0.16403854,-2.809198,-1.9520023,1.1553344,1
열심,-0.71517164,-1.3492135,0.5038596,-0.98085576,13
불신,2.88264,1.3439158,-1.2657752,-1.144086,2
물,-4.232437,0.4146159,-4.1596527,3.7189898,5
죽음,-0.72317237,9.676425,1.6566657,-1.2974453,16
운,-5.593081,-2.9112704,2.8017778,-2.7892683,15
불쌍,-2.0282688,0.034363948,1.11336,0.14871225,8
이성,0.45375386,2.4276183,-3.7567453,-2.5585802,2
문제,8.941541,-2.6728945,-5.4462714,-1.5147477,20
난리,-2.0682836,-1.1407598,0.7364968,-0.7610296,13
열의,-1.4658463,-2.2984967,-2.5628223,-0.83616245,1
흥미,1.1762654,3.7798867,-7.31091,0.90847504,11
실성,-1.3796723,-1.5695808,0.2639045,-1.0337224,13
출근,-0.75787234,-2.5586302,1.5617198,0.09425964,13
교훈,0.2289187,1.616524,-1.9125913,-2.3734028,2
부자,-1.7889493,2.1052845,2.331405,-3.175846,4
모욕,2.8772666,3.7244117,2.96333,-0.91213226,16
예의,-0.14255077,2.8119166,-2.02447,-1.5945896,2
시작,-0.09978103,-7.1833124,4.2480845,4.5018015,17
의견,7.8724833,4.753044,-3.1332612,-2.9365673,7
퇴근,-1.823703,-2.9155505,0.70604724,-0.4350205,13
위로,-1.9699688,2.1102304,2.7206972,0.91903,4
호감,-0.5524957,3.6977787,-2.0584817,-1.3170563,2
치킨,-5.6886578,-2.2391274,-0.40091798,-0.3306471,15
얼굴,-4.6385136,6.3442163,-2.3341537,2.8137944,5
순진,-1.6905226,1.1696638,0.37376755,0.67027986,8
단호,1.0081307,-0.12691963,1.3431493,-0.4350815,18
추방,3.6805122,-0.11073729,9.932653,0.6085269,12
약속,6.2218103,4.8525558,5.0490522,-3.602068,16
답답,-0.6797136,-0.24633294,0.7084259,0.97659147,8
부담,10.093998,0.23398806,-2.9435678,0.54095525,7
격,-2.460025,-1.8592917,-0.8131575,-1.3680153,13
최면,-1.5132549,-1.7085793,-0.12644234,-0.51809084,13
귀엽,-2.8308985,3.56849,-0.46977752,2.1380396,5
아픔,-1.4219383,2.264675,-2.3125155,-1.7684299,2
떡볶이,-2.9896383,-2.8996377,-0.59054905,-1.0029234,13
저지,2.4828565,-1.7507696,5.4036093,0.6315807,12
심취,-0.06730582,-0.49676448,0.9840094,2.0033102,8
중독,-0.6421687,-0.9184574,-2.303553,2.9165955,1
평온,0.5845167,-0.11557057,-0.52070713,0.8289867,8
더럽,-2.0112092,-0.11839016,-0.2710615,0.67550397,8
애정,-0.09217876,5.658906,-4.4534025,-2.484559,11
어른,-2.6820457,3.5633917,-2.0585473,0.2007754,5
재능,-0.7183705,6.3546643,-5.355979,-1.1926576,11
결혼,0.22285664,6.1686788,7.4934793,2.0589373,16
미녀,-4.456835,0.12499537,0.44381982,-1.4683406,15
측은,-0.3202576,-3.3981843,2.6831157,-3.4126217,13
벌,-4.511639,-2.7284343,4.946824,0.2398533,15
청소년,-0.8231112,-4.6348953,-3.3878715,-5.549095,14
솔로,-4.597968,-0.501935,2.0150788,-1.2652045,15
카레,-6.496239,-3.0391438,0.7737936,-0.06313633,15
기부,2.6077898,-4.212524,2.0419016,-0.8744271,3
경직,0.022130983,-2.295164,0.083943665,-0.7452917,13
복귀,3.6629899,-3.3859496,8.399552,3.3779151,12
손님,-3.4969816,2.5250342,0.044196505,-2.5557747,4
군대,0.6547571,0.7223877,4.301165,-4.038913,18
사표,0.15292786,-1.767542,2.167519,-3.2278562,13
지루,-0.9472876,-0.8188091,0.24067998,0.60880303,8
설정,4.701019,-4.482969,-1.4325279,4.6566544,10
상식,0.8288817,0.24298126,-4.576713,-2.157121,2
전가,-0.2367838,-2.4005754,1.2361537,-1.0383056,13
직장,-0.13331574,-1.5495967,-1.554924,-4.117477,13
탓,-1.4176073,2.3639772,-2.3464773,0.20226005,2
수긍,-0.36194232,-1.9111813,1.0419164,0.16797328,8
타격,3.6027987,-1.130987,-0.093936004,1.6809539,10
사회,5.9608593,-3.5608637,-8.294651,-4.746249,20
존칭,-1.7740637,-0.09665078,0.29246932,-2.4715786,13
피로,-1.6230283,0.48056117,-1.9104285,1.1450903,8
분위기,0.32769722,3.6946876,-6.350434,-0.4727353,11
신뢰,8.39859,1.7464,-3.1701787,0.6550241,7
전환,4.956469,-8.815383,0.5795721,4.605784,17
구걸,-1.3533937,-0.8027228,2.1746078,-0.4109776,8
약점,0.04249507,1.2772481,-3.235455,0.8012111,2
대학생,-0.97173107,-2.8935895,-0.53772825,-4.921431,14
짜장면,-2.4445577,-2.2086136,-0.031504687,-1.0584246,13
질투,-0.07133243,4.2913036,0.31851944,1.1352144,0
양서류,-2.6531916,-2.206942,-1.8249884,0.7373926,1
수능,-0.39941248,-4.065824,-1.3036535,-1.1535488,14
위기,3.278542,-0.50022775,1.1095822,-1.401141,18
두뇌,-0.7212435,-1.2045056,-4.765172,0.1853713,1
대출,3.3845968,-5.5290947,0.19032827,-2.2169347,3
날조,1.531267,-1.2544235,2.7468708,-0.2990537,18
희귀,-1.8126047,-1.5096444,-1.9557238,4.568957,1
엄격,5.4787946,-1.1777399,-2.9354248,0.5281921,10
변화,5.7509036,-3.572759,-9.778566,6.701863,19
씩씩,-2.1392684,-0.90235955,0.14490202,0.3461551,8
신기,-4.5579805,0.43649894,1.2088338,-0.63913447,15
시크,-3.621651,-2.5823524,2.116952,-1.7748115,13
쇼크,-1.3345586,-3.8938897,-1.5936838,1.6207771,1
예절,-1.3079599,-0.44432634,-1.2821543,-1.784625,13
교육,5.1228704,-5.1877737,-5.60825,-5.773955,20
별로,0.012189948,-4.7258334,-5.002323,0.4077112,1
위법,5.7036214,-1.4761779,0.8312192,-1.2884854,9
침,-3.001016,-0.0043337434,1.2567198,0.5380757,8
침대,-4.357927,-1.3285917,0.14108077,-0.4663888,15
공유,4.348313,-4.5664787,-3.4191167,2.9912715,10
영어,-3.3870928,-3.4954746,-1.5401403,0.24361813,1
마약,-0.7974258,-3.4304202,-1.7405356,-2.09797,14
갈매기,-4.7205553,-1.4310976,0.11883273,0.57830703,15
축제,-7.7108846,-2.4499314,-1.9064865,-2.4786067,15
민주주의,2.3234956,-4.5104303,-3.1540577,-4.5459075,14
점심,-4.035554,-1.7423668,-0.2021228,-0.6771585,15
연말,-2.526596,-3.6269708,0.7543613,-1.6475414,13
포르노,-2.2925806,-2.2407763,-1.2700208,-3.1949387,13
양치,-2.9247243,-2.464892,-0.5823571,-0.035286624,13
생일,-4.700355,2.449371,2.2286744,-2.8297427,4
인생,-1.5285833,5.9954104,-4.0712094,-1.4720623,11
아저씨,-3.9656782,0.36152035,1.1172079,-2.3516426,15
위축,1.9410464,-2.403986,-1.0621898,1.9230399,10
노화,0.10007243,-2.6738958,-2.901896,1.8659465,1
한우,-2.687839,-3.7162886,-0.86166877,-1.5742835,13
갈비,-3.2554967,-2.3978698,-1.078459,-0.38338652,13
수영,-4.479638,-3.2101755,0.02912596,0.45430458,15
산책,-3.1827483,-1.8235936,0.3274349,0.74379605,8
그냥,-2.5283604,1.5117126,0.50405806,1.3881048,8
초대,-3.1537626,-2.1205733,6.253282,-4.6839867,4
추궁,4.298068,0.8960796,4.3706236,-0.698062,18
모방,1.228783,-1.1954303,0.9386808,3.715307,0
맥주,-5.1514397,-3.2660692,-1.0941093,-1.0691173,15
애절,-2.167611,-0.5660708,0.10210578,-0.12650019,8
따뜻,-2.4780157,2.6183693,-2.4551473,6.9424615,5
안녕,-2.7328358,0.74049604,0.7025231,-2.238824,4
훌륭,0.1990638,3.5008554,-0.986978,3.7207038,0
노예,1.5293645,0.3599132,1.641523,-2.922059,18
이해,8.589611,1.6773014,-4.2504616,3.4978907,7
구라,-3.9675994,-2.3298318,2.6564333,0.21512364,15
어이,-3.0530741,-0.26945177,0.30144584,-0.69555825,13
귀가,-1.2574438,-1.2417899,2.642837,0.9011264,8
싫,-1.8974515,2.4980538,1.1334134,0.8371575,0
장관,-0.5535385,-4.0885496,3.6031606,-6.617846,3
오더,-2.352401,-2.965821,0.67844576,-1.1229844,13
티끌,-2.032653,-2.1639805,-0.72362494,-0.2748038,13
속담,-2.3304803,-1.0664804,-0.47029173,-1.1546154,13
늦,-3.2058222,-1.2606838,0.19795522,1.967571,8
총,-2.5421338,-7.602689,2.8950968,-2.974945,14
꿈,-4.282128,7.648461,-2.3709755,-0.3873859,11
방해,7.8368387,-1.0229899,0.6473914,1.2017038,9
바쁘,-1.5012615,-0.29179272,0.5932204,0.87264293,8
합의,8.215037,-4.6245747,0.7190453,-3.6788347,3
격노,0.8254981,0.6219401,3.2094002,1.103165,18
착하,-2.7660573,2.8099675,0.50802106,1.2430683,5
망,-3.8892972,-4.2067146,0.9375307,-2.1352398,13
소주,-3.1431766,-2.984208,0.12049096,-1.8835074,13
기분,-1.2228625,4.4583755,-4.035659,0.8882785,11
어쩌,1.96091,2.2884932,2.6607072,1.7271554,0
게시,2.8279734,-3.6374035,2.5419345,1.191102,17
코로나,-3.2248237,-4.537243,-1.8678185,1.8627795,1
외식,-2.0591378,-3.9181747,-1.0173526,-1.458076,14
바이러스,-1.4964105,-2.5766423,-2.789208,2.268442,1
학과,-0.88429916,-7.7035923,-2.502461,-2.0834467,14
아이,-6.527628,2.3801892,2.0770135,0.0076655652,15
시험,2.1206992,-6.996469,-2.4435942,-0.61283964,14
회사,0.5827072,-7.3705025,-0.20693493,-3.40269,14
회의,2.6901236,-7.5416646,-0.15315327,-8.847484,3
붙잡,-2.06655,2.3000524,4.866602,1.1904116,4
진단,3.3419461,-3.7330096,-3.020062,0.55788094,10
다정,-1.3960855,0.3759662,0.14877687,0.08104383,8
공주,-6.1613803,2.8202093,4.8193173,-3.3145823,4
하루,-5.3341937,-0.8042546,1.5405353,0.04118303,15
로봇,-3.1935387,-1.9484489,-3.4634721,-0.22273979,1
아사,-4.353135,-2.752413,2.0177693,-1.7354925,15
신혼,-2.6527023,-1.7657648,0.6755136,-0.97668713,13
역할,4.190028,0.16319263,-3.9455748,0.7297004,7
무심,-0.9002187,-0.9687542,0.22959454,-0.7063106,8
뺨,-2.994539,-0.20977299,-0.10246314,0.29374868,8
기타,-1.6523299,-7.335515,-0.7107351,-3.024117,14
?,-3.0260262,-0.16411826,1.1496156,-2.5572066,13
빵,-6.9483924,1.0934126,-2.2545083,0.93407214,5
팩트,-1.9146563,-2.650809,0.11991616,-1.5537004,13
반성,4.069034,2.1412814,-1.1652141,0.24681796,7
배제,7.858724,-3.4838924,0.44963706,1.9382048,10
기운,-1.99395,2.904532,-2.651916,0.33871925,5
쌈,-3.8425655,-2.5646722,0.16123448,-1.1153682,13
중퇴,0.103579015,-2.8386726,4.3048415,1.2073364,12
기권,1.1522067,-3.2575219,2.7518222,-0.8244018,13
불운,-0.91460025,0.28101712,-0.3020287,-0.18503648,8
택시,-2.4948378,-4.289319,1.0421761,-1.3140045,13
악수,-1.8348739,-1.346715,1.3568094,-0.985216,13
단합,-0.23946662,-2.1775036,0.23180072,-0.89553124,13
첫사랑,-2.6165564,-0.35878587,0.34902135,-1.7624812,13
